{"intercept": -0.89999999999999858, "regressor": "linear", "coefficients": [2.4999999999999996]}